<?xml version="1.0" encoding="UTF-8"?>
<project-private xmlns="http://www.netbeans.org/ns/project-private/1">
    <editor-bookmarks xmlns="http://www.netbeans.org/ns/editor-bookmarks/2" lastBookmarkId="0"/>
    <open-files xmlns="http://www.netbeans.org/ns/projectui-open-files/2">
        <group>
            <file>file:/C:/xampp/htdocs/PhpProject1/myhomepage.php</file>
            <file>file:/C:/xampp/htdocs/PhpProject1/gallery.php</file>
            <file>file:/C:/xampp/htdocs/PhpProject1/storiesextend.php</file>
            <file>file:/C:/xampp/htdocs/PhpProject1/register.php</file>
            <file>file:/C:/xampp/htdocs/PhpProject1/newsroom.php</file>
            <file>file:/C:/xampp/htdocs/PhpProject1/payment.css</file>
            <file>file:/C:/xampp/htdocs/PhpProject1/benifitsextend.php</file>
            <file>file:/C:/xampp/htdocs/PhpProject1/login.php</file>
            <file>file:/C:/xampp/htdocs/PhpProject1/myhomepagestyle.css</file>
            <file>file:/C:/xampp/htdocs/PhpProject1/aboutus.php</file>
            <file>file:/C:/xampp/htdocs/PhpProject1/events.php</file>
            <file>file:/C:/xampp/htdocs/PhpProject1/logout.php</file>
            <file>file:/C:/xampp/htdocs/PhpProject1/payment.php</file>
            <file>file:/C:/xampp/htdocs/PhpProject1/testimonals.php</file>
            <file>file:/C:/xampp/htdocs/PhpProject1/index.php</file>
            <file>file:/C:/xampp/htdocs/PhpProject1/search.php</file>
            <file>file:/C:/xampp/htdocs/PhpProject1/aldir.php</file>
        </group>
    </open-files>
</project-private>
